valor x, valor y
0.000000,0.000000
0.000000,1.000000
1.000000,1.000000
1.000000,0.000000
1.000000,1.000000
1.000000,2.000000
2.000000,2.000000
2.000000,1.000000
-0.000000,0.000000
-0.721748,-0.692156
-1.413904,0.029593
-0.692156,0.721748
