valor x, valor y, ok/x
1.500000,1.500000,x
1.500000,2.600000,x
2.500000,2.500000,x
0.500000,2.000000,x
0.000000,0.000000,x
3.500000,0.500000,x
1.100000,2.000000,ok
2.000000,2.900000,ok
2.900000,1.100000,ok
2.000000,2.000000,ok
2.000000,1.500000,ok
1.500000,2.500000,ok
2.500000,2.000000,ok
1.000000,2.000000,ok
3.000000,1.000000,ok
